"BLUP_White","GID","KC","Env"
-0.0944982008824205,"cuGS1000","White","All Env"
0.471020988240131,"cuGS1001","White","All Env"
0.564235353107615,"cuGS1002","White","All Env"
-1.57861905016608,"cuGS1003","White","All Env"
-0.618049676673669,"cuGS1004","White","All Env"
-0.0810096440233176,"cuGS1005","White","All Env"
-1.1158848288142,"cuGS1006","White","All Env"
-1.09798347393934,"cuGS1009","White","All Env"
-0.040093829989956,"cuGS1010","White","All Env"
-0.264834862982771,"cuGS1012","White","All Env"
-1.12298995700265,"cuGS1013","White","All Env"
-0.432374655914,"cuGS1014","White","All Env"
-0.554345901250477,"cuGS1018","White","All Env"
0.169135143740097,"cuGS1019","White","All Env"
-0.737278809507819,"cuGS1020","White","All Env"
0.997207333017661,"cuGS1021","White","All Env"
-0.44596402332769,"cuGS1024","White","All Env"
-1.1900369400537,"cuGS1025","White","All Env"
-0.44596402332769,"cuGS1026","White","All Env"
-0.506475223942889,"cuGS1027","White","All Env"
-0.0726514198272917,"cuGS1028","White","All Env"
0.578849208940787,"cuGS1032","White","All Env"
0.177401493756291,"cuGS1033","White","All Env"
-1.64614146967038,"cuGS1034","White","All Env"
-0.880956160060721,"cuGS1035","White","All Env"
-0.830511185114284,"cuGS1036","White","All Env"
-0.666264896986778,"cuGS1037","White","All Env"
-0.990884013900795,"cuGS1038","White","All Env"
-0.248667959278185,"cuGS1041","White","All Env"
0.0561155935545601,"cuGS1042","White","All Env"
-0.413365531737357,"cuGS1044","White","All Env"
-0.213800257770747,"cuGS1045","White","All Env"
-0.896417445569864,"cuGS1046","White","All Env"
-0.400204851688715,"cuGS1049","White","All Env"
1.11311440121101,"cuGS1050","White","All Env"
0.978097217600949,"cuGS1051","White","All Env"
0.460548620329052,"cuGS1052","White","All Env"
-0.154851900703435,"cuGS1053","White","All Env"
-0.129455103126973,"cuGS1054","White","All Env"
-0.216024700185512,"cuGS1055","White","All Env"
0.0124557057563201,"cuGS1056","White","All Env"
0.0785594473591891,"cuGS1057","White","All Env"
-0.51575541680196,"cuGS1066","White","All Env"
0.100459902893781,"cuGS1070","White","All Env"
1.17830517428277,"cuGS1072","White","All Env"
-0.638444857479618,"cuGS1074","White","All Env"
0.0593003864238404,"cuGS1075","White","All Env"
0.24174289788002,"cuGS1076","White","All Env"
0.769705472902063,"cuGS1077","White","All Env"
-1.19551444722576,"cuGS1078","White","All Env"
0.378933583207642,"cuGS1080","White","All Env"
-1.07958085187189,"cuGS1081","White","All Env"
0.496686942358158,"cuGS1086","White","All Env"
-0.333323565512097,"cuGS1087","White","All Env"
-0.868947603942882,"cuGS1089","White","All Env"
0.484755909053622,"cuGS1092","White","All Env"
1.15692703236731,"cuGS1093","White","All Env"
-0.361244926488779,"cuGS1096","White","All Env"
-0.759393018546574,"cuGS1099","White","All Env"
-0.759393018546574,"cuGS1100","White","All Env"
0.742744026168984,"cuGS1101","White","All Env"
0.260330735294552,"cuGS1102","White","All Env"
0.14315978865006,"cuGS1103","White","All Env"
0.355467411226342,"cuGS1104","White","All Env"
-1.37419515603922,"cuGS1105","White","All Env"
-0.816787827158304,"cuGS1108","White","All Env"
0.950525063405136,"cuGS1109","White","All Env"
-1.00899441278046,"cuGS1110","White","All Env"
-0.816769845341565,"cuGS1112","White","All Env"
-0.352344692762533,"cuGS1113","White","All Env"
-0.0228608288471356,"cuGS1114","White","All Env"
-0.407927196101304,"cuGS1115","White","All Env"
0.613848500344051,"cuGS1116","White","All Env"
-0.311540275061969,"cuGS1117","White","All Env"
0.196162402392135,"cuGS1118","White","All Env"
-0.892410102116829,"cuGS1119","White","All Env"
-0.193276756674522,"cuGS1120","White","All Env"
-1.34499894971658,"cuGS1121","White","All Env"
-0.981524571153475,"cuGS1122","White","All Env"
-0.630444712010321,"cuGS1123","White","All Env"
-0.487556814512862,"cuGS1126","White","All Env"
0.479910590395133,"cuGS1128","White","All Env"
-1.05567668239298,"cuGS1129","White","All Env"
-0.592735921843,"cuGS1161","White","All Env"
0.0658474400006527,"cuGS1162","White","All Env"
-0.307164796995798,"cuGS1163","White","All Env"
-0.0693427702879103,"cuGS1164","White","All Env"
0.223119958429152,"cuGS1166","White","All Env"
-0.453826005718297,"cuGS1167","White","All Env"
0.222353381886564,"cuGS1168","White","All Env"
-1.17343698903995,"cuGS1169","White","All Env"
-0.285944046128683,"cuGS117","White","All Env"
-0.587375544864129,"cuGS1171","White","All Env"
0.925405196503562,"cuGS1172","White","All Env"
0.333642863986251,"cuGS1174","White","All Env"
-0.139088523547631,"cuGS1175","White","All Env"
1.31837492003442,"cuGS1176","White","All Env"
0.138056394016483,"cuGS1177","White","All Env"
-0.327507570617463,"cuGS1181","White","All Env"
0.16710642449624,"cuGS1183","White","All Env"
-0.0578646645911436,"cuGS1184","White","All Env"
-0.126359145621498,"cuGS1185","White","All Env"
-0.663171093985731,"cuGS1186","White","All Env"
-0.986513035854774,"cuGS1187","White","All Env"
-0.0645461943651604,"cuGS1188","White","All Env"
0.227866118940131,"cuGS1189","White","All Env"
-0.666915085078888,"cuGS1192","White","All Env"
0.226948793569077,"cuGS1195","White","All Env"
1.34771288423935,"cuGS1196","White","All Env"
1.3832955861062,"cuGS1197","White","All Env"
0.339525760779669,"cuGS1198","White","All Env"
0.625405684318514,"cuGS1199","White","All Env"
0.969881363068789,"cuGS1200","White","All Env"
0.689149466479634,"cuGS1201","White","All Env"
-0.222549114113358,"cuGS1202","White","All Env"
1.37053469681899,"cuGS1203","White","All Env"
1.53212792020775,"cuGS1204","White","All Env"
-0.0782401488850349,"cuGS1205","White","All Env"
-0.544628662000568,"cuGS1206","White","All Env"
-0.794501324967701,"cuGS1207","White","All Env"
-0.532318731416983,"cuGS1208","White","All Env"
-0.178518922406077,"cuGS1209","White","All Env"
0.716619308106616,"cuGS1210","White","All Env"
-0.784942507465152,"cuGS1211","White","All Env"
0.939213775354685,"cuGS1213","White","All Env"
-0.625683270642034,"cuGS1215","White","All Env"
-0.784942507465152,"cuGS1216","White","All Env"
0.660351557088153,"cuGS1217","White","All Env"
0.438720202928893,"cuGS1220","White","All Env"
1.97420288733906,"cuGS1221","White","All Env"
0.299258788063277,"cuGS1222","White","All Env"
-0.332300652057142,"cuGS1223","White","All Env"
0.345941057675803,"cuGS1230","White","All Env"
0.42264611906137,"cuGS1231","White","All Env"
0.268779154291032,"cuGS1232","White","All Env"
0.492902100809369,"cuGS1235","White","All Env"
-0.590843753411227,"cuGS1238","White","All Env"
0.392623327288327,"cuGS1239","White","All Env"
0.0168311838224913,"cuGS1240","White","All Env"
1.38426961763249,"cuGS1241","White","All Env"
-0.205988764033057,"cuGS1242","White","All Env"
0.551558451396647,"cuGS1243","White","All Env"
-0.213600297326606,"cuGS1244","White","All Env"
0.105668644732417,"cuGS1246","White","All Env"
-0.0915554716082056,"cuGS1247","White","All Env"
0.111138487253117,"cuGS1248","White","All Env"
0.648390623942911,"cuGS1249","White","All Env"
0.411546260461067,"cuGS1250","White","All Env"
0.826862288751573,"cuGS1252","White","All Env"
0.732362885830176,"cuGS1253","White","All Env"
-0.592628449111278,"cuGS1256","White","All Env"
-0.14009406643499,"cuGS1257","White","All Env"
0.258054025622805,"cuGS1258","White","All Env"
0.735831736092159,"cuGS1259","White","All Env"
0.547974104782673,"cuGS1261","White","All Env"
-0.559264326493036,"cuGS1262","White","All Env"
0.0444829133139229,"cuGS1263","White","All Env"
-0.244549784566478,"cuGS1264","White","All Env"
0.223262109068333,"cuGS1265","White","All Env"
0.204837112920505,"cuGS1266","White","All Env"
-0.0467788086981047,"cuGS1267","White","All Env"
0.0562591820402766,"cuGS1268","White","All Env"
-0.470501324095718,"cuGS1269","White","All Env"
-0.28122857147374,"cuGS1270","White","All Env"
1.56057715390953,"cuGS1271","White","All Env"
-0.673294676148856,"cuGS1278","White","All Env"
-0.547798404277347,"cuGS1279","White","All Env"
0.0619978676629409,"cuGS1286","White","All Env"
0.0250852704653725,"cuGS1287","White","All Env"
-0.700512936841957,"cuGS1290","White","All Env"
-0.677824963256465,"cuGS1291","White","All Env"
-0.554504704338885,"cuGS1292","White","All Env"
-0.492015296668732,"cuGS1299","White","All Env"
-1.09744202417047,"cuGS1301","White","All Env"
0.133588733456693,"cuGS1302","White","All Env"
-0.597374714566446,"cuGS1303","White","All Env"
-0.489624254100756,"cuGS1304","White","All Env"
-0.895380518837674,"cuGS1305","White","All Env"
-1.51266781386634,"cuGS1306","White","All Env"
-0.484637365633719,"cuGS1307","White","All Env"
-0.960128128248273,"cuGS1308","White","All Env"
-0.858414039183727,"cuGS1309","White","All Env"
-0.775117454068295,"cuGS1310","White","All Env"
0.549607884427409,"cuGS1315","White","All Env"
0.867159811895884,"cuGS1316","White","All Env"
0.966530193892559,"cuGS1317","White","All Env"
-0.369413613361119,"cuGS1318","White","All Env"
0.105630911264616,"cuGS1319","White","All Env"
0.276081879834745,"cuGS1320","White","All Env"
-0.0431417793773085,"cuGS1321","White","All Env"
-0.13462349406406,"cuGS1322","White","All Env"
0.410665280660891,"cuGS1342","White","All Env"
0.0692052630200807,"cuGS136","White","All Env"
0.0152038822999705,"cuGS1364","White","All Env"
0.0732634854360682,"cuGS1365","White","All Env"
0.0148183491411233,"cuGS1366","White","All Env"
-0.309584527194702,"cuGS1367","White","All Env"
-0.209978047221475,"cuGS1368","White","All Env"
0.068246980392165,"cuGS1369","White","All Env"
-0.024987408590572,"cuGS1370","White","All Env"
0.198870853906946,"cuGS138","White","All Env"
0.202896463397163,"cuGS146","White","All Env"
0.714388980120643,"cuGS150","White","All Env"
-0.0995332740733946,"cuGS159","White","All Env"
-0.0523339987494028,"cuGS167","White","All Env"
0.377308801746058,"cuGS174","White","All Env"
-0.463611545074162,"cuGS201","White","All Env"
0.360130360079151,"cuGS218","White","All Env"
0.366369304739693,"cuGS249","White","All Env"
0.532960927488308,"cuGS252","White","All Env"
-0.59903377277535,"cuGS262","White","All Env"
0.971079074736647,"cuGS263","White","All Env"
-0.763132996409477,"cuGS264","White","All Env"
1.25240036185456,"cuGS268","White","All Env"
0.596763187990052,"cuGS270","White","All Env"
0.206383240464071,"cuGS272","White","All Env"
0.387314093321623,"cuGS273","White","All Env"
0.596597122840792,"cuGS274","White","All Env"
-1.5615165587093,"cuGS275","White","All Env"
0.295791753869258,"cuGS276","White","All Env"
-0.30877533791175,"cuGS278","White","All Env"
-0.383464661441793,"cuGS279","White","All Env"
-0.865705173505093,"cuGS280","White","All Env"
-0.981540934634235,"cuGS281","White","All Env"
0.103585168247106,"cuGS282","White","All Env"
0.479081547279375,"cuGS283","White","All Env"
1.33049929993196,"cuGS284","White","All Env"
0.651213602134391,"cuGS285","White","All Env"
-1.13608564529287,"cuGS287","White","All Env"
-0.105638810111981,"cuGS288","White","All Env"
-0.1713412049674,"cuGS289","White","All Env"
0.1612024115837,"cuGS290","White","All Env"
1.28277304225481,"cuGS292","White","All Env"
1.32370376527648,"cuGS31","White","All Env"
0.0301412778266366,"cuGS318","White","All Env"
0.462228966968575,"cuGS32","White","All Env"
0.421374609844766,"cuGS33","White","All Env"
0.595608590437081,"cuGS34","White","All Env"
1.08036641233634,"cuGS35","White","All Env"
0.295379330175815,"cuGS36","White","All Env"
-1.35724792112528,"cuGS37","White","All Env"
0.983466996594118,"cuGS38","White","All Env"
-0.666579939802595,"cuGS380","White","All Env"
0.239174235514394,"cuGS381","White","All Env"
-0.370550611674829,"cuGS383","White","All Env"
0.973647090081075,"cuGS393","White","All Env"
0.952131426599823,"cuGS394","White","All Env"
0.679138786315093,"cuGS405","White","All Env"
1.18013638381022,"cuGS41","White","All Env"
0.611550121594998,"cuGS410","White","All Env"
0.079990134865918,"cuGS412","White","All Env"
0.761940988104171,"cuGS413","White","All Env"
0.0378309048518147,"cuGS419","White","All Env"
-0.849564169317927,"cuGS420","White","All Env"
0.802368044977993,"cuGS421","White","All Env"
0.800637486228644,"cuGS422","White","All Env"
0.485568855798758,"cuGS423","White","All Env"
-0.257585469995454,"cuGS424","White","All Env"
-0.270013343502806,"cuGS425","White","All Env"
0.513899678380797,"cuGS426","White","All Env"
-0.514443511474431,"cuGS427","White","All Env"
0.516823881575429,"cuGS428","White","All Env"
-0.951398521689354,"cuGS429","White","All Env"
0.506558860399132,"cuGS46","White","All Env"
-1.02496441032821,"cuGS47","White","All Env"
0.321871302898955,"cuGS472","White","All Env"
0.446959798149766,"cuGS489","White","All Env"
-0.786265998369042,"cuGS490","White","All Env"
0.637681192911477,"cuGS491","White","All Env"
-0.516590650697525,"cuGS492","White","All Env"
1.15159258035502,"cuGS493","White","All Env"
-0.192137796010068,"cuGS494","White","All Env"
0.151356695406334,"cuGS495","White","All Env"
-0.0628906045885291,"cuGS496","White","All Env"
0.243603553475639,"cuGS497","White","All Env"
-0.50422813403645,"cuGS498","White","All Env"
0.113537931715558,"cuGS499","White","All Env"
0.531930322761973,"cuGS500","White","All Env"
0.227333348598258,"cuGS501","White","All Env"
0.584599043436824,"cuGS502","White","All Env"
0.516872978059015,"cuGS503","White","All Env"
0.141308487187658,"cuGS504","White","All Env"
-0.369669815214684,"cuGS505","White","All Env"
-1.18087922962917,"cuGS506","White","All Env"
0.661954392061439,"cuGS507","White","All Env"
1.5300415427093,"cuGS508","White","All Env"
0.838987109541798,"cuGS509","White","All Env"
-0.66024116035702,"cuGS51","White","All Env"
1.09971223187606,"cuGS510","White","All Env"
0.566288874820769,"cuGS511","White","All Env"
-0.298634084553838,"cuGS512","White","All Env"
0.289979576172222,"cuGS513","White","All Env"
-0.394946138862333,"cuGS514","White","All Env"
0.0331098487560628,"cuGS515","White","All Env"
-0.384297019038841,"cuGS516","White","All Env"
0.718511780309742,"cuGS517","White","All Env"
-0.176528862292024,"cuGS518","White","All Env"
0.871868306557526,"cuGS519","White","All Env"
0.435815461646819,"cuGS520","White","All Env"
0.467944916465708,"cuGS521","White","All Env"
-0.067492614118034,"cuGS522","White","All Env"
0.531000818344489,"cuGS523","White","All Env"
0.444400147781232,"cuGS524","White","All Env"
0.126464848682135,"cuGS525","White","All Env"
1.29114385973219,"cuGS526","White","All Env"
0.746708968370418,"cuGS527","White","All Env"
-0.346784942492974,"cuGS528","White","All Env"
0.186326458434998,"cuGS529","White","All Env"
-0.705397681924841,"cuGS530","White","All Env"
0.541454568541002,"cuGS531","White","All Env"
-0.266491967127384,"cuGS532","White","All Env"
1.23667921619513,"cuGS533","White","All Env"
0.115509212794946,"cuGS534","White","All Env"
0.811235878200523,"cuGS535","White","All Env"
0.133489678247945,"cuGS536","White","All Env"
0.15963462400196,"cuGS537","White","All Env"
0.110855914964087,"cuGS538","White","All Env"
0.197807080686235,"cuGS539","White","All Env"
-0.463601055627435,"cuGS54","White","All Env"
0.854535227122354,"cuGS540","White","All Env"
0.707216862030254,"cuGS541","White","All Env"
-0.786452866305158,"cuGS542","White","All Env"
0.111495334524452,"cuGS543","White","All Env"
0.0626629593629361,"cuGS544","White","All Env"
0.127882346021688,"cuGS545","White","All Env"
0.501835910448268,"cuGS546","White","All Env"
-1.66857140617235,"cuGS547","White","All Env"
0.245035506739388,"cuGS548","White","All Env"
-0.400705996991274,"cuGS549","White","All Env"
0.853596980551235,"cuGS550","White","All Env"
-0.418295513902673,"cuGS551","White","All Env"
0.571868983358235,"cuGS552","White","All Env"
0.852214540763251,"cuGS553","White","All Env"
0.916102273714536,"cuGS554","White","All Env"
1.10949416627008,"cuGS555","White","All Env"
0.439606323400971,"cuGS556","White","All Env"
-0.578582305153763,"cuGS557","White","All Env"
-0.330833899543593,"cuGS558","White","All Env"
0.529508612098842,"cuGS559","White","All Env"
-0.240609799848213,"cuGS560","White","All Env"
-0.0398124227747302,"cuGS561","White","All Env"
0.716876632852868,"cuGS562","White","All Env"
0.718647305353318,"cuGS563","White","All Env"
0.154062183950765,"cuGS564","White","All Env"
0.06126812075453,"cuGS565","White","All Env"
-1.49861318604138,"cuGS566","White","All Env"
0.986441556526476,"cuGS567","White","All Env"
-0.349218926155219,"cuGS568","White","All Env"
0.815685418682665,"cuGS569","White","All Env"
0.118556817816858,"cuGS57","White","All Env"
0.233027207790509,"cuGS570","White","All Env"
-0.761686591627556,"cuGS571","White","All Env"
0.469959922080717,"cuGS572","White","All Env"
0.970282549617467,"cuGS573","White","All Env"
0.339467934623906,"cuGS574","White","All Env"
0.829741330017574,"cuGS575","White","All Env"
0.705685107640855,"cuGS576","White","All Env"
0.248736923945044,"cuGS577","White","All Env"
0.386349661528137,"cuGS578","White","All Env"
1.14354889963205,"cuGS579","White","All Env"
0.379629640287671,"cuGS580","White","All Env"
-1.0333781620247,"cuGS581","White","All Env"
0.410629525407235,"cuGS582","White","All Env"
0.269086123429794,"cuGS584","White","All Env"
0.219839984735594,"cuGS585","White","All Env"
-0.723589954648395,"cuGS586","White","All Env"
0.142676259035172,"cuGS587","White","All Env"
0.652803957637999,"cuGS588","White","All Env"
0.281392305340726,"cuGS589","White","All Env"
0.605393435303459,"cuGS59","White","All Env"
0.873528671861476,"cuGS590","White","All Env"
0.161263424714173,"cuGS591","White","All Env"
0.748935668371924,"cuGS592","White","All Env"
0.634239482569276,"cuGS593","White","All Env"
-0.0185472203361476,"cuGS594","White","All Env"
-0.875532842147008,"cuGS595","White","All Env"
-1.45262755297021,"cuGS596","White","All Env"
-1.53319499989242,"cuGS597","White","All Env"
0.0377498886970072,"cuGS598","White","All Env"
-0.302302316256839,"cuGS599","White","All Env"
-0.0232042130645481,"cuGS60","White","All Env"
-0.947674728275981,"cuGS600","White","All Env"
0.248636141508551,"cuGS601","White","All Env"
0.575460403920827,"cuGS604","White","All Env"
-0.208926200092008,"cuGS605","White","All Env"
0.400681806578487,"cuGS607","White","All Env"
-0.273715211549544,"cuGS608","White","All Env"
-0.436276802362983,"cuGS609","White","All Env"
-0.119668825712222,"cuGS61","White","All Env"
0.284803075579421,"cuGS610","White","All Env"
1.19134972390433,"cuGS611","White","All Env"
0.576147055306503,"cuGS612","White","All Env"
1.24457760675152,"cuGS613","White","All Env"
0.866658955290135,"cuGS614","White","All Env"
0.440907605784735,"cuGS615","White","All Env"
0.558355838683425,"cuGS64","White","All Env"
0.782088561742145,"cuGS641","White","All Env"
0.719601049574922,"cuGS642","White","All Env"
1.70172298679627,"cuGS643","White","All Env"
0.304310851272791,"cuGS644","White","All Env"
1.19134972390433,"cuGS645","White","All Env"
1.02458572496559,"cuGS646","White","All Env"
-0.00766314331613777,"cuGS647","White","All Env"
0.393998810868324,"cuGS648","White","All Env"
0.828773151378073,"cuGS649","White","All Env"
0.41518556161445,"cuGS650","White","All Env"
0.760294282194112,"cuGS651","White","All Env"
0.657953677621021,"cuGS652","White","All Env"
0.615407808382612,"cuGS653","White","All Env"
0.0654219960381139,"cuGS654","White","All Env"
0.694535490460223,"cuGS655","White","All Env"
0.253540047771623,"cuGS656","White","All Env"
0.688107863109202,"cuGS657","White","All Env"
0.423441742632245,"cuGS658","White","All Env"
-0.979562229951963,"cuGS659","White","All Env"
-0.935582136709864,"cuGS661","White","All Env"
-0.986697047473085,"cuGS663","White","All Env"
-0.892759803675853,"cuGS664","White","All Env"
-0.512954621141629,"cuGS665","White","All Env"
-0.777685535796744,"cuGS666","White","All Env"
-0.222093487128885,"cuGS668","White","All Env"
-0.909801115882289,"cuGS669","White","All Env"
-0.84801422687174,"cuGS67","White","All Env"
-0.262960369443288,"cuGS670","White","All Env"
-0.14827606540288,"cuGS671","White","All Env"
-0.503001530022454,"cuGS672","White","All Env"
-0.742438509175007,"cuGS673","White","All Env"
0.318045772086282,"cuGS675","White","All Env"
0.404599493984542,"cuGS676","White","All Env"
-1.14855937666641,"cuGS680","White","All Env"
1.42677845593579,"cuGS681","White","All Env"
-0.486559367810789,"cuGS682","White","All Env"
1.06071461317429,"cuGS683","White","All Env"
-0.561759790368497,"cuGS684","White","All Env"
0.204586563051156,"cuGS685","White","All Env"
0.46745909559058,"cuGS686","White","All Env"
-0.435646006247762,"cuGS687","White","All Env"
-0.462515205730016,"cuGS688","White","All Env"
-0.469614405026186,"cuGS689","White","All Env"
0.632001174148848,"cuGS69","White","All Env"
0.185326557100385,"cuGS690","White","All Env"
1.23366971007493,"cuGS691","White","All Env"
-0.516482344708983,"cuGS692","White","All Env"
-0.804920965526628,"cuGS693","White","All Env"
-0.535751727607066,"cuGS694","White","All Env"
-0.903475766744629,"cuGS695","White","All Env"
-0.806938118918679,"cuGS696","White","All Env"
-0.849169156127719,"cuGS697","White","All Env"
-1.33379697702386,"cuGS698","White","All Env"
0.413087825076105,"cuGS699","White","All Env"
-0.232491192231391,"cuGS700","White","All Env"
-0.0658818826907354,"cuGS702","White","All Env"
-0.418826111526244,"cuGS703","White","All Env"
-0.678165187213549,"cuGS704","White","All Env"
0.16595641220322,"cuGS705","White","All Env"
-1.08567844506572,"cuGS706","White","All Env"
-0.0304511047059695,"cuGS707","White","All Env"
-0.604972087241209,"cuGS708","White","All Env"
-0.97495760995502,"cuGS709","White","All Env"
-0.669035786288995,"cuGS71","White","All Env"
0.428164486123923,"cuGS710","White","All Env"
-1.41124849844532,"cuGS711","White","All Env"
0.331371420105813,"cuGS712","White","All Env"
-0.306779112042116,"cuGS713","White","All Env"
0.769886305996495,"cuGS714","White","All Env"
-0.523817497328295,"cuGS715","White","All Env"
-0.568548350587644,"cuGS716","White","All Env"
0.66644751257153,"cuGS717","White","All Env"
0.0368035535870961,"cuGS718","White","All Env"
0.337822204972447,"cuGS719","White","All Env"
-1.50226096436636,"cuGS721","White","All Env"
-0.70275393586965,"cuGS722","White","All Env"
-0.83188847962437,"cuGS727","White","All Env"
-0.514339908164384,"cuGS734","White","All Env"
-1.25451149359125,"cuGS737","White","All Env"
-0.849096449335942,"cuGS739","White","All Env"
-0.739870778768579,"cuGS74","White","All Env"
0.280868568327018,"cuGS743","White","All Env"
-1.19414991493238,"cuGS744","White","All Env"
-0.931277382392959,"cuGS745","White","All Env"
-0.598670314945456,"cuGS746","White","All Env"
-1.22586921798677,"cuGS747","White","All Env"
-0.907003490311981,"cuGS748","White","All Env"
-0.363126302961428,"cuGS749","White","All Env"
-1.09292289623578,"cuGS750","White","All Env"
-0.625115992589083,"cuGS751","White","All Env"
-0.831719705148024,"cuGS752","White","All Env"
-1.19867585861164,"cuGS753","White","All Env"
-1.13787653844857,"cuGS754","White","All Env"
-0.608586758805706,"cuGS755","White","All Env"
-0.975942205366829,"cuGS756","White","All Env"
-0.098405927864748,"cuGS757","White","All Env"
-0.714825934190705,"cuGS758","White","All Env"
-1.52515577173618,"cuGS759","White","All Env"
-0.589406167877436,"cuGS76","White","All Env"
-1.11754897355362,"cuGS760","White","All Env"
-0.740955329143766,"cuGS761","White","All Env"
-0.138621187512563,"cuGS762","White","All Env"
-0.755821921438843,"cuGS763","White","All Env"
-1.14987653288121,"cuGS764","White","All Env"
-1.14814682049523,"cuGS765","White","All Env"
-1.28840988348991,"cuGS767","White","All Env"
-1.2084995109783,"cuGS768","White","All Env"
-0.515232218866497,"cuGS770","White","All Env"
0.0879595576900958,"cuGS771","White","All Env"
-0.495554547190294,"cuGS772","White","All Env"
-0.144060087422193,"cuGS774","White","All Env"
-0.011648069800596,"cuGS775","White","All Env"
-0.813322982943537,"cuGS776","White","All Env"
-1.06270213857466,"cuGS782","White","All Env"
-0.263244423872194,"cuGS788","White","All Env"
0.955845659586379,"cuGS791","White","All Env"
0.0214418800598746,"cuGS792","White","All Env"
0.3503956513929,"cuGS793","White","All Env"
-0.404904814287019,"cuGS794","White","All Env"
0.360569904082602,"cuGS795","White","All Env"
-0.166015959052341,"cuGS797","White","All Env"
-0.101809423869394,"cuGS798","White","All Env"
0.158189065770748,"cuGS799","White","All Env"
0.0214418800598746,"cuGS800","White","All Env"
-0.0427264528425425,"cuGS801","White","All Env"
0.452265893376319,"cuGS802","White","All Env"
-0.625683270642034,"cuGS803","White","All Env"
0.601708354330386,"cuGS804","White","All Env"
-0.426957356586734,"cuGS805","White","All Env"
-0.386741736505833,"cuGS806","White","All Env"
-0.822123285931965,"cuGS807","White","All Env"
-0.916234003685248,"cuGS808","White","All Env"
-0.976209958372898,"cuGS809","White","All Env"
0.116532783980575,"cuGS810","White","All Env"
0.101071498471433,"cuGS811","White","All Env"
-0.29535022889071,"cuGS812","White","All Env"
-0.985590312667691,"cuGS813","White","All Env"
-0.709329683507691,"cuGS814","White","All Env"
0.467998606425846,"cuGS815","White","All Env"
0.985071629627761,"cuGS830","White","All Env"
0.323523640570336,"cuGS831","White","All Env"
0.0445119073804638,"cuGS832","White","All Env"
-0.894179148741617,"cuGS833","White","All Env"
0.702599929239965,"cuGS834","White","All Env"
-0.175029000902777,"cuGS835","White","All Env"
-0.961952699433032,"cuGS836","White","All Env"
0.170698149347782,"cuGS837","White","All Env"
0.0261906265698108,"cuGS838","White","All Env"
-0.420539641338251,"cuGS839","White","All Env"
0.081073116403756,"cuGS840","White","All Env"
-0.795104076714046,"cuGS841","White","All Env"
-0.774697439811244,"cuGS842","White","All Env"
1.43903138133953,"cuGS843","White","All Env"
-0.0870506420648041,"cuGS846","White","All Env"
0.623871926201415,"cuGS847","White","All Env"
-0.237967785500059,"cuGS848","White","All Env"
-0.230924985664366,"cuGS849","White","All Env"
-0.0564613736560335,"cuGS850","White","All Env"
0.278062997743235,"cuGS851","White","All Env"
0.374311243855321,"cuGS852","White","All Env"
-0.41771780963739,"cuGS853","White","All Env"
-0.115290599231475,"cuGS854","White","All Env"
-1.08066535054425,"cuGS855","White","All Env"
-1.15062215147143,"cuGS856","White","All Env"
-0.321644302071364,"cuGS857","White","All Env"
0.430025269804459,"cuGS858","White","All Env"
0.171329682158065,"cuGS859","White","All Env"
-0.251319939238147,"cuGS86","White","All Env"
0.218397212191963,"cuGS860","White","All Env"
-0.171233292094177,"cuGS861","White","All Env"
0.896469871372753,"cuGS863","White","All Env"
-0.104667970236045,"cuGS864","White","All Env"
0.847599364197522,"cuGS865","White","All Env"
-0.198340590366787,"cuGS866","White","All Env"
-0.292327847076425,"cuGS869","White","All Env"
0.327217621316102,"cuGS87","White","All Env"
0.360170385725189,"cuGS870","White","All Env"
0.034837769937138,"cuGS871","White","All Env"
-0.00503035753357197,"cuGS875","White","All Env"
-0.838853773508051,"cuGS876","White","All Env"
-1.03625521040264,"cuGS877","White","All Env"
0.370931864664015,"cuGS878","White","All Env"
-1.33269622586307,"cuGS879","White","All Env"
-0.217881568101244,"cuGS880","White","All Env"
0.764830019090602,"cuGS883","White","All Env"
0.638518131066517,"cuGS889","White","All Env"
-2.06309771238059,"cuGS893","White","All Env"
-0.697675994756368,"cuGS894","White","All Env"
-1.49502690779237,"cuGS895","White","All Env"
-0.0465754966598206,"cuGS896","White","All Env"
-0.949947844179579,"cuGS897","White","All Env"
-0.182773261680117,"cuGS898","White","All Env"
0.17397937681904,"cuGS899","White","All Env"
-0.306884049935434,"cuGS900","White","All Env"
-0.200100885630726,"cuGS901","White","All Env"
0.540252420879879,"cuGS902","White","All Env"
-0.819810208972589,"cuGS903","White","All Env"
-1.3736399383027,"cuGS904","White","All Env"
-0.262402880091676,"cuGS905","White","All Env"
0.200911148902071,"cuGS906","White","All Env"
-0.231894994576272,"cuGS907","White","All Env"
0.489572225288421,"cuGS908","White","All Env"
0.059137975368845,"cuGS909","White","All Env"
0.0650515228159023,"cuGS910","White","All Env"
0.430025269804459,"cuGS911","White","All Env"
-0.550051822309461,"cuGS912","White","All Env"
-0.127382059076454,"cuGS913","White","All Env"
0.218397212191963,"cuGS914","White","All Env"
-0.819810208972589,"cuGS915","White","All Env"
0.0318771777466642,"cuGS916","White","All Env"
1.24767899285276,"cuGS917","White","All Env"
-0.131961971382602,"cuGS918","White","All Env"
-1.04462575282546,"cuGS919","White","All Env"
0.43239927766685,"cuGS92","White","All Env"
0.542860935232253,"cuGS924","White","All Env"
-0.410244804981275,"cuGS925","White","All Env"
-0.82140692041389,"cuGS926","White","All Env"
-1.50500910625451,"cuGS928","White","All Env"
-0.482808068002926,"cuGS929","White","All Env"
-0.642067304826044,"cuGS930","White","All Env"
-0.0370203164010564,"cuGS931","White","All Env"
-1.22796588862896,"cuGS932","White","All Env"
-0.747102461874481,"cuGS933","White","All Env"
-0.675014653625078,"cuGS934","White","All Env"
-1.15252805717025,"cuGS935","White","All Env"
-0.747102461874481,"cuGS936","White","All Env"
0.233858497701105,"cuGS937","White","All Env"
0.0261906265698108,"cuGS939","White","All Env"
-0.500504430246332,"cuGS94","White","All Env"
-0.352344692762533,"cuGS940","White","All Env"
-0.103797605413147,"cuGS941","White","All Env"
-0.517614044116562,"cuGS942","White","All Env"
-0.916968879007506,"cuGS943","White","All Env"
-0.101288095046233,"cuGS944","White","All Env"
-0.0581877383516847,"cuGS947","White","All Env"
0.19918478420642,"cuGS948","White","All Env"
-0.340595635446275,"cuGS949","White","All Env"
-0.480770336575661,"cuGS950","White","All Env"
-0.924771153671811,"cuGS951","White","All Env"
-0.980970791702023,"cuGS952","White","All Env"
-0.671054467143877,"cuGS953","White","All Env"
0.339960353706111,"cuGS954","White","All Env"
0.0399255473833016,"cuGS955","White","All Env"
0.364130572206391,"cuGS956","White","All Env"
0.331183223407357,"cuGS957","White","All Env"
-0.0982146774681348,"cuGS958","White","All Env"
-0.531216702311103,"cuGS959","White","All Env"
-0.833208119517009,"cuGS960","White","All Env"
-0.79239368352203,"cuGS961","White","All Env"
-0.02692819192649,"cuGS963","White","All Env"
-0.0777231029068516,"cuGS964","White","All Env"
-0.37309196925021,"cuGS965","White","All Env"
-0.478847881521724,"cuGS966","White","All Env"
0.0369031655690163,"cuGS967","White","All Env"
-1.01781036922601,"cuGS968","White","All Env"
-0.667683804844016,"cuGS969","White","All Env"
0.101071498471433,"cuGS970","White","All Env"
-1.03426557226303,"cuGS971","White","All Env"
0.122782190210882,"cuGS972","White","All Env"
-1.38111963450151,"cuGS973","White","All Env"
-1.05235416978751,"cuGS975","White","All Env"
-0.329879672377498,"cuGS976","White","All Env"
-0.679763400135015,"cuGS977","White","All Env"
-0.113647138262963,"cuGS978","White","All Env"
-0.204062542916747,"cuGS979","White","All Env"
-0.836450250222696,"cuGS980","White","All Env"
0.121281530490512,"cuGS981","White","All Env"
-0.264834862982771,"cuGS982","White","All Env"
-0.831369356885793,"cuGS985","White","All Env"
0.0561155935545601,"cuGS987","White","All Env"
0.28054076731363,"cuGS989","White","All Env"
-1.37096772748485,"cuGS991","White","All Env"
-0.479993305826109,"cuGS992","White","All Env"
-0.971671585915252,"cuGS993","White","All Env"
1.24422280879491,"cuGS996","White","All Env"
0.0199333202443721,"cuGS997","White","All Env"
0.000856460564305939,"cuGS999","White","All Env"
0.980995006972905,"MSU10","White","All Env"
0.385498923636044,"MSU100","White","All Env"
1.04962561287691,"MSU101","White","All Env"
0.543377835435087,"MSU103","White","All Env"
-0.208365473797735,"MSU105","White","All Env"
2.00358031775419,"MSU11","White","All Env"
1.45437667744463,"MSU12","White","All Env"
1.75984652029673,"MSU13","White","All Env"
2.25810641023801,"MSU16","White","All Env"
2.82937447626798,"MSU17","White","All Env"
0.940137710684374,"MSU18","White","All Env"
1.61547930549374,"MSU2","White","All Env"
0.517981003121897,"MSU20","White","All Env"
1.44945549412909,"MSU22","White","All Env"
1.26945171082111,"MSU23","White","All Env"
1.74099743745574,"MSU24","White","All Env"
0.883078755025048,"MSU25","White","All Env"
0.906312245351937,"MSU27","White","All Env"
-0.573674763794048,"MSU34","White","All Env"
0.225765075141955,"MSU35","White","All Env"
1.66362448234232,"MSU4","White","All Env"
2.90390050516356,"MSU40","White","All Env"
0.337363597165364,"MSU41","White","All Env"
0.809699934793287,"MSU44","White","All Env"
2.63786880900772,"MSU45","White","All Env"
2.301623821324,"MSU46","White","All Env"
0.172838762906685,"MSU47","White","All Env"
1.21645984235398,"MSU5","White","All Env"
0.636977272045132,"MSU54","White","All Env"
2.05853086033046,"MSU55","White","All Env"
-0.113581582194297,"MSU56","White","All Env"
2.22207737222338,"MSU62","White","All Env"
1.3938505112914,"MSU63","White","All Env"
2.80304338198233,"MSU64","White","All Env"
0.0836273926101961,"MSU65","White","All Env"
1.46547120955031,"MSU66","White","All Env"
1.72636952777712,"MSU67","White","All Env"
0.366058261712862,"MSU68","White","All Env"
0.233068581421193,"MSU69","White","All Env"
-0.491530714534043,"MSU7","White","All Env"
0.73903923334554,"MSU70","White","All Env"
1.01571417306301,"MSU71","White","All Env"
-0.586924604002985,"MSU73","White","All Env"
0.678000653745007,"MSU74","White","All Env"
0.783369126776097,"MSU75","White","All Env"
0.625120296703471,"MSU78","White","All Env"
0.61369579810797,"MSU79","White","All Env"
1.492647421665,"MSU83","White","All Env"
0.861618656923769,"MSU85","White","All Env"
0.368318421859742,"MSU87","White","All Env"
-0.344971974132613,"MSU88","White","All Env"
-0.827522401314657,"MSU89","White","All Env"
1.15242067936253,"MSU9","White","All Env"
0.192065147588137,"MSU92","White","All Env"
1.51403857993326,"MSU94","White","All Env"
0.495549868765416,"MSU96","White","All Env"
0.735541160106428,"MSU97","White","All Env"
